{
  "name": "Run Flow Step",
  "form": "f10b1102-c9f3-4141-9ecf-98b6aac8bfa7",
  "blocks": [
    {
      "id": "d67adfb5-816e-478b-85a1-c688d5f3d3f6",
      "label": "Active?",
      "environment": "HOSTED",
      "presentation": "{\"w\":100,\"x\":-122,\"h\":50,\"y\":208}",
      "stepType": "SWITCH",
      "inputMappings": [
        {
          "inputPort": "input",
          "mapping": "${f10b1102-c9f3-4141-9ecf-98b6aac8bfa7.event.status}"
        }
      ],
      "switchCases": [
        {
          "caseId": "f58a1b6b-709e-44d6-bb00-263f46244a13",
          "caseValue": "ACTIVE"
        }
      ]
    },
    {
      "id": "9ede9936-9507-4648-8422-b9068e17b42c",
      "label": "Banana Split",
      "environment": "HOSTED",
      "presentation": "{\"w\":100,\"x\":864,\"h\":50,\"y\":463}",
      "step": "b79b8971-2650-4406-baf7-0712945b435d",
      "stepType": "SCRIPT_STEP",
      "inputMappings": [
        {
          "inputPort": "input",
          "mapping": "${f10b1102-c9f3-4141-9ecf-98b6aac8bfa7.event.properties.Separator}",
          "stepInput": "677d017c-2b22-454a-a036-dddbeaec0a13"
        },
        {
          "inputPort": "input",
          "mapping": "${f10b1102-c9f3-4141-9ecf-98b6aac8bfa7.event.properties.String to Split}",
          "stepInput": "8d5960d5-8f5a-4de2-8ad2-be2753d76031"
        }
      ]
    },
    {
      "id": "9503639b-028d-4fbe-b760-1ba670fcbd3a",
      "label": "Concat",
      "environment": "HOSTED",
      "presentation": "{\"w\":100,\"x\":769,\"h\":50,\"y\":313}",
      "step": "c32dd3ca-a598-4aa2-9fbe-0d60d05eb18d",
      "stepType": "SCRIPT_STEP",
      "inputMappings": [
        {
          "inputPort": "input",
          "mapping": "${f10b1102-c9f3-4141-9ecf-98b6aac8bfa7.event.properties.Glue}",
          "stepInput": "aad84551-9da8-44d2-93f1-f4eb058fbcd4"
        },
        {
          "inputPort": "input",
          "mapping": "${f10b1102-c9f3-4141-9ecf-98b6aac8bfa7.event.properties.Str1}",
          "stepInput": "439d6960-01ba-4d59-81ff-17309832800f"
        },
        {
          "inputPort": "input",
          "mapping": "${f10b1102-c9f3-4141-9ecf-98b6aac8bfa7.event.properties.Str2}",
          "stepInput": "66fce2f9-7dc7-4c50-ac8c-5fc458f996ab"
        },
        {
          "inputPort": "input",
          "mapping": "${f10b1102-c9f3-4141-9ecf-98b6aac8bfa7.event.properties.Str3}",
          "stepInput": "d400b9d5-334f-4b6c-8e85-f84f9c8555aa"
        },
        {
          "inputPort": "input",
          "mapping": "${f10b1102-c9f3-4141-9ecf-98b6aac8bfa7.event.properties.Str4}",
          "stepInput": "cce1f690-cb59-4f54-84b6-9c73d88f8526"
        }
      ]
    },
    {
      "id": "0413da65-2a06-4b81-be98-3e55fb7b46e5",
      "label": "Decrypt",
      "environment": "HOSTED",
      "presentation": "{\"w\":100,\"x\":966,\"h\":50,\"y\":1063}",
      "step": "e4c6be77-3a42-4d7d-91b8-0d05c0157710",
      "stepType": "SCRIPT_STEP",
      "inputMappings": [
        {
          "inputPort": "input",
          "mapping": "${f10b1102-c9f3-4141-9ecf-98b6aac8bfa7.event.properties.Salt decrypt}",
          "stepInput": "0a07441e-c1f7-4adf-958c-f5042a61d41f"
        },
        {
          "inputPort": "input",
          "mapping": "${3b95b8a8-0c5e-4e86-99eb-f69f433343c2.encrypted}",
          "stepInput": "85988cc1-0998-454c-bd76-d08c281b9e41"
        }
      ]
    },
    {
      "id": "3b95b8a8-0c5e-4e86-99eb-f69f433343c2",
      "label": "Encrypt",
      "environment": "HOSTED",
      "presentation": "{\"w\":100,\"x\":655,\"h\":50,\"y\":1063}",
      "step": "ff28d0ea-67a5-4186-bd78-41056d342997",
      "stepType": "SCRIPT_STEP",
      "inputMappings": [
        {
          "inputPort": "input",
          "mapping": "${f10b1102-c9f3-4141-9ecf-98b6aac8bfa7.event.properties.Salt encrypt}",
          "stepInput": "b15e59a9-aff7-40dd-899c-86c93c8a9e84"
        },
        {
          "inputPort": "input",
          "mapping": "${f10b1102-c9f3-4141-9ecf-98b6aac8bfa7.event.properties.String to Encrypt}",
          "stepInput": "4d0b2779-0f9a-4667-bf64-7144b8f15e88"
        }
      ]
    },
    {
      "id": "41a7dd77-d0b9-42f7-9667-46bd818dba6c",
      "label": "Is Field Populated - CHECKBOX",
      "environment": "HOSTED",
      "presentation": "{\"w\":100,\"x\":1214,\"h\":50,\"y\":613}",
      "step": "5b481130-e91f-4f93-9768-b8ae6d9de94f",
      "stepType": "SCRIPT_STEP",
      "inputMappings": [
        {
          "inputPort": "input",
          "mapping": "${f10b1102-c9f3-4141-9ecf-98b6aac8bfa7.event.properties.PopTest Checkbox}",
          "stepInput": "83b14aab-30fd-47ee-afd7-328dba755adc"
        }
      ]
    },
    {
      "id": "d4fa042a-78c8-4905-9d0a-6346dee6563a",
      "label": "Is Field Populated - DROPDOWN",
      "environment": "HOSTED",
      "presentation": "{\"w\":100,\"x\":708,\"h\":50,\"y\":614}",
      "step": "5b481130-e91f-4f93-9768-b8ae6d9de94f",
      "stepType": "SCRIPT_STEP",
      "inputMappings": [
        {
          "inputPort": "input",
          "mapping": "${f10b1102-c9f3-4141-9ecf-98b6aac8bfa7.event.properties.PopTest Dropdown}",
          "stepInput": "83b14aab-30fd-47ee-afd7-328dba755adc"
        }
      ]
    },
    {
      "id": "1ab2c507-ea87-4a5c-982c-fcb0d8ca726d",
      "label": "Is Field Populated - LIST",
      "environment": "HOSTED",
      "presentation": "{\"w\":100,\"x\":1459,\"h\":50,\"y\":613}",
      "step": "5b481130-e91f-4f93-9768-b8ae6d9de94f",
      "stepType": "SCRIPT_STEP",
      "inputMappings": [
        {
          "inputPort": "input",
          "mapping": "${f10b1102-c9f3-4141-9ecf-98b6aac8bfa7.event.properties.PopTest List}",
          "stepInput": "83b14aab-30fd-47ee-afd7-328dba755adc"
        }
      ]
    },
    {
      "id": "2e13c779-69d6-4b96-909d-dccd07fe60d4",
      "label": "Is Field Populated - NUMBER",
      "environment": "HOSTED",
      "presentation": "{\"w\":100,\"x\":1024,\"h\":50,\"y\":614}",
      "step": "5b481130-e91f-4f93-9768-b8ae6d9de94f",
      "stepType": "SCRIPT_STEP",
      "inputMappings": [
        {
          "inputPort": "input",
          "mapping": "${f10b1102-c9f3-4141-9ecf-98b6aac8bfa7.event.properties.PopTest Number}",
          "stepInput": "83b14aab-30fd-47ee-afd7-328dba755adc"
        }
      ]
    },
    {
      "id": "98638c02-6208-47b5-b20a-a5a4ea878797",
      "label": "Is Field Populated - TEXT",
      "environment": "HOSTED",
      "presentation": "{\"w\":100,\"x\":514,\"h\":50,\"y\":614}",
      "step": "5b481130-e91f-4f93-9768-b8ae6d9de94f",
      "stepType": "SCRIPT_STEP",
      "inputMappings": [
        {
          "inputPort": "input",
          "mapping": "${f10b1102-c9f3-4141-9ecf-98b6aac8bfa7.event.properties.PopTest Text}",
          "stepInput": "83b14aab-30fd-47ee-afd7-328dba755adc"
        }
      ]
    },
    {
      "id": "f2e5a4d4-bd93-4f25-933d-13125ee4dd7f",
      "label": "Match Substring",
      "environment": "HOSTED",
      "presentation": "{\"w\":100,\"x\":376,\"h\":50,\"y\":-137}",
      "step": "89209f74-5f33-473e-b6d1-3f0ba15d088b",
      "stepType": "SCRIPT_STEP",
      "inputMappings": [
        {
          "inputPort": "input",
          "mapping": "${f10b1102-c9f3-4141-9ecf-98b6aac8bfa7.event.properties.Haystack}",
          "stepInput": "57b6be7b-dfc7-4494-b709-06343d5e6187"
        },
        {
          "inputPort": "input",
          "mapping": "${f10b1102-c9f3-4141-9ecf-98b6aac8bfa7.event.properties.Needle}",
          "stepInput": "d4298667-9277-4996-a4bf-fdbc0daa5986"
        },
        {
          "inputPort": "input",
          "mapping": "${f10b1102-c9f3-4141-9ecf-98b6aac8bfa7.event.properties.Case Sensitive}",
          "stepInput": "9dfed119-3a78-4d0c-bae3-007d14c90d79"
        }
      ]
    },
    {
      "id": "5e14b278-04e9-4fac-83fe-05ca82e123f4",
      "label": "Merge",
      "environment": "HOSTED",
      "presentation": "{\"w\":100,\"x\":1688,\"h\":50,\"y\":278}",
      "stepType": "MERGE",
      "inputMappings": [
        {
          "inputPort": "9ede9936-9507-4648-8422-b9068e17b42c",
          "mapping": "Input String to split: ${f10b1102-c9f3-4141-9ecf-98b6aac8bfa7.event.properties.String to Split}\nInput Separator: ${f10b1102-c9f3-4141-9ecf-98b6aac8bfa7.event.properties.Separator}\nOUTPUT First Part: ${9ede9936-9507-4648-8422-b9068e17b42c.firstPart}\nOUTPUT Second Part: ${9ede9936-9507-4648-8422-b9068e17b42c.secondPart}",
          "outputId": "878e7ad9-a515-49d4-aad0-02676a5a1276"
        },
        {
          "inputPort": "f2e5a4d4-bd93-4f25-933d-13125ee4dd7f",
          "mapping": "Needle: ${f10b1102-c9f3-4141-9ecf-98b6aac8bfa7.event.properties.Needle}\nHaystack: ${f10b1102-c9f3-4141-9ecf-98b6aac8bfa7.event.properties.Haystack}\nCase-sensitive? ${f10b1102-c9f3-4141-9ecf-98b6aac8bfa7.event.properties.Case Sensitive} \nMatched? ${f2e5a4d4-bd93-4f25-933d-13125ee4dd7f.match}",
          "outputId": "878e7ad9-a515-49d4-aad0-02676a5a1276"
        },
        {
          "inputPort": "0ae87602-1cd7-45d0-8475-ce7332c4d722",
          "mapping": "Prefix: ${f10b1102-c9f3-4141-9ecf-98b6aac8bfa7.event.properties.Prefix}\nString to Trim: ${f10b1102-c9f3-4141-9ecf-98b6aac8bfa7.event.properties.String to Trim}\nOutput: ${0ae87602-1cd7-45d0-8475-ce7332c4d722.trimmedString}",
          "outputId": "878e7ad9-a515-49d4-aad0-02676a5a1276"
        },
        {
          "inputPort": "0413da65-2a06-4b81-be98-3e55fb7b46e5",
          "mapping": "String to Encrpt: ${f10b1102-c9f3-4141-9ecf-98b6aac8bfa7.event.properties.String to Encrypt}\nSalt: ${f10b1102-c9f3-4141-9ecf-98b6aac8bfa7.event.properties.Salt encrypt}\nEncrypted output: ${3b95b8a8-0c5e-4e86-99eb-f69f433343c2.encrypted}\n-----\nString to Decrypt: ${3b95b8a8-0c5e-4e86-99eb-f69f433343c2.encrypted}\nSalt: ${f10b1102-c9f3-4141-9ecf-98b6aac8bfa7.event.properties.Salt decrypt}\nClear ouptut: ${0413da65-2a06-4b81-be98-3e55fb7b46e5.clear}",
          "outputId": "878e7ad9-a515-49d4-aad0-02676a5a1276"
        },
        {
          "inputPort": "9503639b-028d-4fbe-b760-1ba670fcbd3a",
          "mapping": "Str1: ${f10b1102-c9f3-4141-9ecf-98b6aac8bfa7.event.properties.Str1} \nStr2: ${f10b1102-c9f3-4141-9ecf-98b6aac8bfa7.event.properties.Str2}\nStr3: ${f10b1102-c9f3-4141-9ecf-98b6aac8bfa7.event.properties.Str3}\nStr4: ${f10b1102-c9f3-4141-9ecf-98b6aac8bfa7.event.properties.Str4}\nGlue: ${f10b1102-c9f3-4141-9ecf-98b6aac8bfa7.event.properties.Glue}\nCONCATENATED: ${9503639b-028d-4fbe-b760-1ba670fcbd3a.joinedString}",
          "outputId": "878e7ad9-a515-49d4-aad0-02676a5a1276"
        },
        {
          "inputPort": "f844b42a-e500-4333-957e-29997cef9cc0",
          "mapping": "Slept for ${f844b42a-e500-4333-957e-29997cef9cc0.slept_for_ms} milliseconds",
          "outputId": "878e7ad9-a515-49d4-aad0-02676a5a1276"
        },
        {
          "inputPort": "c04f0c62-a623-41e0-b5f3-b8d6663c46bb",
          "mapping": "Forwards: ${f10b1102-c9f3-4141-9ecf-98b6aac8bfa7.event.properties.stringToReverse} \nREVERSED: ${c04f0c62-a623-41e0-b5f3-b8d6663c46bb.backwardsText}\n\n\n",
          "outputId": "878e7ad9-a515-49d4-aad0-02676a5a1276"
        },
        {
          "inputPort": "4c48b3e7-0346-4dbb-bb0d-53f5490faa4c",
          "mapping": "INPUT STRING:\n${f10b1102-c9f3-4141-9ecf-98b6aac8bfa7.event.properties.String to Truncate}\nOUTPUTS:\nIsTruncated: ${4c48b3e7-0346-4dbb-bb0d-53f5490faa4c.isTruncated}\nChopped Char Count: ${4c48b3e7-0346-4dbb-bb0d-53f5490faa4c.Chopped Char Count}\nOutput String: \n${4c48b3e7-0346-4dbb-bb0d-53f5490faa4c.String}",
          "outputId": "878e7ad9-a515-49d4-aad0-02676a5a1276"
        },
        {
          "inputPort": "1ab2c507-ea87-4a5c-982c-fcb0d8ca726d",
          "mapping": "Is Field Populated TEXT ${f10b1102-c9f3-4141-9ecf-98b6aac8bfa7.event.properties.PopTest Text}: ${98638c02-6208-47b5-b20a-a5a4ea878797.isPopulated} \nIs Field Populated DROPDOWN ${f10b1102-c9f3-4141-9ecf-98b6aac8bfa7.event.properties.PopTest Dropdown}: ${d4fa042a-78c8-4905-9d0a-6346dee6563a.isPopulated}\nIs Field Populated NUMBER ${f10b1102-c9f3-4141-9ecf-98b6aac8bfa7.event.properties.PopTest Number}: ${2e13c779-69d6-4b96-909d-dccd07fe60d4.isPopulated}\nIs Field Populated CHECKBOX ${f10b1102-c9f3-4141-9ecf-98b6aac8bfa7.event.properties.PopTest Checkbox}: ${41a7dd77-d0b9-42f7-9667-46bd818dba6c.isPopulated}\nIs Field Populated LIST ${f10b1102-c9f3-4141-9ecf-98b6aac8bfa7.event.properties.PopTest List}: ${1ab2c507-ea87-4a5c-982c-fcb0d8ca726d.isPopulated}",
          "outputId": "878e7ad9-a515-49d4-aad0-02676a5a1276"
        }
      ],
      "mergeOutputs": [
        {
          "outputId": "878e7ad9-a515-49d4-aad0-02676a5a1276",
          "name": "Step Output",
          "order": 0
        }
      ]
    },
    {
      "id": "ddf0283f-9594-4276-89fd-db8160a1a3d5",
      "label": "Results",
      "environment": "HOSTED",
      "presentation": "{\"w\":100,\"x\":1934,\"h\":50,\"y\":421}",
      "step": "ca2f85df-a895-4877-b4e7-ce5fc6658846",
      "stepType": "CREATE_EVENT",
      "inputMappings": [
        {
          "inputPort": "input",
          "mapping": "${5e14b278-04e9-4fac-83fe-05ca82e123f4.Step Output}",
          "sectionItemKey": "018db870-4ed7-496a-b6e2-80e4fd8c3f8d"
        },
        {
          "inputPort": "input",
          "mapping": "${f10b1102-c9f3-4141-9ecf-98b6aac8bfa7.event.properties.Step To Run}",
          "sectionItemKey": "d8b7c6fa-a6db-4e3a-846c-99c53096a42e"
        },
        {
          "inputPort": "input",
          "mapping": "${f10b1102-c9f3-4141-9ecf-98b6aac8bfa7.event.targetedRecipients}",
          "sectionItemKey": "recipients"
        },
        {
          "inputPort": "input",
          "mapping": "${f10b1102-c9f3-4141-9ecf-98b6aac8bfa7.event.eventId}",
          "sectionItemKey": "6033f0c1-3aa1-4635-890b-3df0b107425c"
        }
      ]
    },
    {
      "id": "c04f0c62-a623-41e0-b5f3-b8d6663c46bb",
      "label": "Reverse",
      "environment": "HOSTED",
      "presentation": "{\"w\":100,\"x\":595,\"h\":50,\"y\":163}",
      "step": "22b5b901-8074-4cda-8c0c-a3b90a383dd6",
      "stepType": "SCRIPT_STEP",
      "inputMappings": [
        {
          "inputPort": "input",
          "mapping": "${f10b1102-c9f3-4141-9ecf-98b6aac8bfa7.event.properties.stringToReverse}",
          "stepInput": "d6d25366-a53b-4f40-a69a-f06b2fac3dd9"
        }
      ]
    },
    {
      "id": "1e0762dd-45aa-43ea-9cb3-7a4b84d8d21a",
      "label": "Run Flow Step - Alert Status Updates",
      "environment": "HOSTED",
      "presentation": "{\"w\":100,\"x\":-499,\"h\":50,\"y\":394}",
      "step": "3a553a39-0432-45be-9b7f-829bef7076c2",
      "stepType": "INTEGRATION"
    },
    {
      "id": "f844b42a-e500-4333-957e-29997cef9cc0",
      "label": "Sleep",
      "environment": "HOSTED",
      "presentation": "{\"w\":100,\"x\":494,\"h\":50,\"y\":13}",
      "step": "fc43f8c1-fe55-44d9-88c2-4068f8a4ea05",
      "stepType": "SCRIPT_STEP",
      "inputMappings": [
        {
          "inputPort": "input",
          "mapping": "${f10b1102-c9f3-4141-9ecf-98b6aac8bfa7.event.properties.Duration}",
          "stepInput": "3a382a96-a527-4ab8-8987-69144ec64b75"
        }
      ]
    },
    {
      "id": "cc255607-5bcd-44b7-8d97-e6f33c7af50e",
      "label": "Step to Run?",
      "environment": "HOSTED",
      "presentation": "{\"w\":100,\"x\":168,\"h\":50,\"y\":-272}",
      "stepType": "SWITCH",
      "inputMappings": [
        {
          "inputPort": "input",
          "mapping": "${f10b1102-c9f3-4141-9ecf-98b6aac8bfa7.event.properties.Step To Run}"
        }
      ],
      "switchCases": [
        {
          "caseId": "444778dc-eb76-4917-9681-1b8f0cc22e3d",
          "caseValue": "Match Substring"
        },
        {
          "caseId": "d5688c76-4798-47db-a39c-704ba0bca398",
          "caseValue": "Sleep"
        },
        {
          "caseId": "5b0259ff-3323-4bc2-916e-8ed207d02530",
          "caseValue": "Reverse"
        },
        {
          "caseId": "1f0255a8-2914-43df-99f8-242e2dc8d900",
          "caseValue": "Concat"
        },
        {
          "caseId": "5a0d9df9-4d46-4e30-aecc-2c8127878ee6",
          "caseValue": "Split"
        },
        {
          "caseId": "8401ca6b-dc43-4a15-9af6-76ace7fb3e9b",
          "caseValue": "Is Field Populated"
        },
        {
          "caseId": "a6bab7d6-e7ca-4dd2-b480-5e360d28f1ad",
          "caseValue": "Strip Prefix"
        },
        {
          "caseId": "6e1b5854-3775-48cd-8622-9295eb1c777d",
          "caseValue": "Truncate"
        },
        {
          "caseId": "a385b63f-9a5d-478b-a8d6-bfcea2ed2eb9",
          "caseValue": "Encrypt-Decrypt"
        }
      ]
    },
    {
      "id": "0ae87602-1cd7-45d0-8475-ce7332c4d722",
      "label": "Strip Prefix",
      "environment": "HOSTED",
      "presentation": "{\"w\":100,\"x\":1349,\"h\":50,\"y\":763}",
      "step": "20dc0095-3591-4931-8029-88f5d41bea25",
      "stepType": "SCRIPT_STEP",
      "inputMappings": [
        {
          "inputPort": "input",
          "mapping": "${f10b1102-c9f3-4141-9ecf-98b6aac8bfa7.event.properties.String to Trim}",
          "stepInput": "4d2a7f55-09ef-467c-b018-74a3575e8a22"
        },
        {
          "inputPort": "input",
          "mapping": "${f10b1102-c9f3-4141-9ecf-98b6aac8bfa7.event.properties.Prefix}",
          "stepInput": "3b23ecb4-b29b-417f-9e48-9beeaa7970b2"
        },
        {
          "inputPort": "input",
          "mapping": "true",
          "stepInput": "d20c43e5-61e8-4251-b12d-8fcef3c7f6f4"
        }
      ]
    },
    {
      "id": "4c48b3e7-0346-4dbb-bb0d-53f5490faa4c",
      "label": "Truncate",
      "environment": "HOSTED",
      "presentation": "{\"w\":100,\"x\":1199,\"h\":50,\"y\":912}",
      "step": "38d4fe83-8908-43f1-b6ec-628b9d6440cb",
      "stepType": "SCRIPT_STEP",
      "inputMappings": [
        {
          "inputPort": "input",
          "mapping": "${f10b1102-c9f3-4141-9ecf-98b6aac8bfa7.event.properties.String to Truncate}",
          "stepInput": "a94716c3-032c-469c-98e4-5049fb4981b5"
        },
        {
          "inputPort": "input",
          "mapping": "${f10b1102-c9f3-4141-9ecf-98b6aac8bfa7.event.properties.Character Limit}",
          "stepInput": "ac486056-d732-4653-a1cc-cf36f5bc1d86"
        },
        {
          "inputPort": "input",
          "mapping": "${f10b1102-c9f3-4141-9ecf-98b6aac8bfa7.event.properties.Include Ellipses?}",
          "stepInput": "06ffbaa9-d034-4367-8c60-c27609528068"
        },
        {
          "inputPort": "input",
          "mapping": "${f10b1102-c9f3-4141-9ecf-98b6aac8bfa7.event.properties.Clean Word Break?}",
          "stepInput": "2dad6f57-60e2-4e20-89a8-685728fed3f0"
        }
      ]
    }
  ],
  "edges": [
    {
      "fromBlock": "9503639b-028d-4fbe-b760-1ba670fcbd3a",
      "fromPort": "output",
      "toBlock": "5e14b278-04e9-4fac-83fe-05ca82e123f4",
      "toPort": "9503639b-028d-4fbe-b760-1ba670fcbd3a"
    },
    {
      "fromBlock": "98638c02-6208-47b5-b20a-a5a4ea878797",
      "fromPort": "output",
      "toBlock": "d4fa042a-78c8-4905-9d0a-6346dee6563a",
      "toPort": "input"
    },
    {
      "fromBlock": "9ede9936-9507-4648-8422-b9068e17b42c",
      "fromPort": "output",
      "toBlock": "5e14b278-04e9-4fac-83fe-05ca82e123f4",
      "toPort": "9ede9936-9507-4648-8422-b9068e17b42c"
    },
    {
      "fromBlock": "c04f0c62-a623-41e0-b5f3-b8d6663c46bb",
      "fromPort": "output",
      "toBlock": "5e14b278-04e9-4fac-83fe-05ca82e123f4",
      "toPort": "c04f0c62-a623-41e0-b5f3-b8d6663c46bb"
    },
    {
      "fromBlock": "cc255607-5bcd-44b7-8d97-e6f33c7af50e",
      "fromPort": "1f0255a8-2914-43df-99f8-242e2dc8d900",
      "toBlock": "9503639b-028d-4fbe-b760-1ba670fcbd3a",
      "toPort": "input"
    },
    {
      "fromBlock": "cc255607-5bcd-44b7-8d97-e6f33c7af50e",
      "fromPort": "8401ca6b-dc43-4a15-9af6-76ace7fb3e9b",
      "toBlock": "98638c02-6208-47b5-b20a-a5a4ea878797",
      "toPort": "input"
    },
    {
      "fromBlock": "cc255607-5bcd-44b7-8d97-e6f33c7af50e",
      "fromPort": "5a0d9df9-4d46-4e30-aecc-2c8127878ee6",
      "toBlock": "9ede9936-9507-4648-8422-b9068e17b42c",
      "toPort": "input"
    },
    {
      "fromBlock": "cc255607-5bcd-44b7-8d97-e6f33c7af50e",
      "fromPort": "5b0259ff-3323-4bc2-916e-8ed207d02530",
      "toBlock": "c04f0c62-a623-41e0-b5f3-b8d6663c46bb",
      "toPort": "input"
    },
    {
      "fromBlock": "cc255607-5bcd-44b7-8d97-e6f33c7af50e",
      "fromPort": "444778dc-eb76-4917-9681-1b8f0cc22e3d",
      "toBlock": "f2e5a4d4-bd93-4f25-933d-13125ee4dd7f",
      "toPort": "input"
    },
    {
      "fromBlock": "cc255607-5bcd-44b7-8d97-e6f33c7af50e",
      "fromPort": "d5688c76-4798-47db-a39c-704ba0bca398",
      "toBlock": "f844b42a-e500-4333-957e-29997cef9cc0",
      "toPort": "input"
    },
    {
      "fromBlock": "cc255607-5bcd-44b7-8d97-e6f33c7af50e",
      "fromPort": "a6bab7d6-e7ca-4dd2-b480-5e360d28f1ad",
      "toBlock": "0ae87602-1cd7-45d0-8475-ce7332c4d722",
      "toPort": "input"
    },
    {
      "fromBlock": "cc255607-5bcd-44b7-8d97-e6f33c7af50e",
      "fromPort": "a385b63f-9a5d-478b-a8d6-bfcea2ed2eb9",
      "toBlock": "3b95b8a8-0c5e-4e86-99eb-f69f433343c2",
      "toPort": "input"
    },
    {
      "fromBlock": "cc255607-5bcd-44b7-8d97-e6f33c7af50e",
      "fromPort": "6e1b5854-3775-48cd-8622-9295eb1c777d",
      "toBlock": "4c48b3e7-0346-4dbb-bb0d-53f5490faa4c",
      "toPort": "input"
    },
    {
      "fromBlock": "d4fa042a-78c8-4905-9d0a-6346dee6563a",
      "fromPort": "output",
      "toBlock": "2e13c779-69d6-4b96-909d-dccd07fe60d4",
      "toPort": "input"
    },
    {
      "fromBlock": "d67adfb5-816e-478b-85a1-c688d5f3d3f6",
      "fromPort": "f58a1b6b-709e-44d6-bb00-263f46244a13",
      "toBlock": "cc255607-5bcd-44b7-8d97-e6f33c7af50e",
      "toPort": "input"
    },
    {
      "fromBlock": "f2e5a4d4-bd93-4f25-933d-13125ee4dd7f",
      "fromPort": "output",
      "toBlock": "5e14b278-04e9-4fac-83fe-05ca82e123f4",
      "toPort": "f2e5a4d4-bd93-4f25-933d-13125ee4dd7f"
    },
    {
      "fromBlock": "f844b42a-e500-4333-957e-29997cef9cc0",
      "fromPort": "output",
      "toBlock": "5e14b278-04e9-4fac-83fe-05ca82e123f4",
      "toPort": "f844b42a-e500-4333-957e-29997cef9cc0"
    },
    {
      "fromBlock": "0413da65-2a06-4b81-be98-3e55fb7b46e5",
      "fromPort": "output",
      "toBlock": "5e14b278-04e9-4fac-83fe-05ca82e123f4",
      "toPort": "0413da65-2a06-4b81-be98-3e55fb7b46e5"
    },
    {
      "fromBlock": "0ae87602-1cd7-45d0-8475-ce7332c4d722",
      "fromPort": "output",
      "toBlock": "5e14b278-04e9-4fac-83fe-05ca82e123f4",
      "toPort": "0ae87602-1cd7-45d0-8475-ce7332c4d722"
    },
    {
      "fromBlock": "1ab2c507-ea87-4a5c-982c-fcb0d8ca726d",
      "fromPort": "output",
      "toBlock": "5e14b278-04e9-4fac-83fe-05ca82e123f4",
      "toPort": "1ab2c507-ea87-4a5c-982c-fcb0d8ca726d"
    },
    {
      "fromBlock": "1e0762dd-45aa-43ea-9cb3-7a4b84d8d21a",
      "fromPort": "output",
      "toBlock": "d67adfb5-816e-478b-85a1-c688d5f3d3f6",
      "toPort": "input"
    },
    {
      "fromBlock": "2e13c779-69d6-4b96-909d-dccd07fe60d4",
      "fromPort": "output",
      "toBlock": "41a7dd77-d0b9-42f7-9667-46bd818dba6c",
      "toPort": "input"
    },
    {
      "fromBlock": "3b95b8a8-0c5e-4e86-99eb-f69f433343c2",
      "fromPort": "output",
      "toBlock": "0413da65-2a06-4b81-be98-3e55fb7b46e5",
      "toPort": "input"
    },
    {
      "fromBlock": "41a7dd77-d0b9-42f7-9667-46bd818dba6c",
      "fromPort": "output",
      "toBlock": "1ab2c507-ea87-4a5c-982c-fcb0d8ca726d",
      "toPort": "input"
    },
    {
      "fromBlock": "4c48b3e7-0346-4dbb-bb0d-53f5490faa4c",
      "fromPort": "output",
      "toBlock": "5e14b278-04e9-4fac-83fe-05ca82e123f4",
      "toPort": "4c48b3e7-0346-4dbb-bb0d-53f5490faa4c"
    },
    {
      "fromBlock": "5e14b278-04e9-4fac-83fe-05ca82e123f4",
      "fromPort": "output",
      "toBlock": "ddf0283f-9594-4276-89fd-db8160a1a3d5",
      "toPort": "input"
    }
  ]
}