[
  {
    "id": "c32dd3ca-a598-4aa2-9fbe-0d60d05eb18d",
    "name": "Concat",
    "description": "Joins strings together.",
    "icon": "https://s3-xmatters-static.s3.amazonaws.com/null/customers/b1d45caa-e9a4-4422-9702-5aece4f445a0/IMAGE__20220228163607763__brain.jpeg",
    "script": "const log = (msg) => console.log(msg);\nlet title = 'Concat';\nlog(title+' step started');\n\nlet j = input.joiner;\n\nlog(`Glue is ${j} [type: ${typeof j}]`)\n\n\nif (!j)\n    j='';\n\nlet str = '';\nfor (let i=1; i<=5;i++){\n    let txt = `text${i}`;\n    \n    let next = `text${(i+1)}`;\n    \n    if(input[txt])\n        str = str += input[txt];\n    \n    // Apply the joiner if there's something to join and already something in the string\n    if(input[next] && str)\n        str = str += j;\n    \n}\n\n\noutput.joinedString  = str.trim();\n\nlog(`${title} step finished with: ${str}`);\n\n",
    "allowedEnvironment": "BOTH",
    "accessibleByAll": "NotShared",
    "stage": "DEPLOYED",
    "scriptStepType": "USER",
    "inputs": [
      {
        "id": "aad84551-9da8-44d2-93f1-f4eb058fbcd4",
        "name": "joiner",
        "helpText": "singel character or multiple chars to split on",
        "defaultValue": "",
        "multiline": false,
        "required": false,
        "maxLength": 100,
        "minLength": 0,
        "position": 0
      },
      {
        "id": "439d6960-01ba-4d59-81ff-17309832800f",
        "name": "text1",
        "helpText": "",
        "defaultValue": "",
        "multiline": false,
        "required": false,
        "maxLength": 20000,
        "minLength": 0,
        "position": 1
      },
      {
        "id": "66fce2f9-7dc7-4c50-ac8c-5fc458f996ab",
        "name": "text2",
        "helpText": "",
        "defaultValue": "",
        "multiline": false,
        "required": false,
        "maxLength": 20000,
        "minLength": 0,
        "position": 2
      },
      {
        "id": "d400b9d5-334f-4b6c-8e85-f84f9c8555aa",
        "name": "text3",
        "helpText": "",
        "defaultValue": "",
        "multiline": false,
        "required": false,
        "maxLength": 2000,
        "minLength": 0,
        "position": 3
      },
      {
        "id": "cce1f690-cb59-4f54-84b6-9c73d88f8526",
        "name": "text4",
        "helpText": "",
        "defaultValue": "",
        "multiline": false,
        "required": false,
        "maxLength": 20000,
        "minLength": 0,
        "position": 4
      },
      {
        "id": "9947734b-0c8f-403f-8165-afdd95f1d25c",
        "name": "text5",
        "helpText": "",
        "defaultValue": "",
        "multiline": false,
        "required": false,
        "maxLength": 2000,
        "minLength": 0,
        "position": 5
      }
    ],
    "outputs": [
      {
        "id": "6c4a84ae-5e47-4ef4-8ee1-e94ff841df25",
        "name": "joinedString",
        "position": 0
      }
    ],
    "libraries": []
  },
  {
    "id": "20dc0095-3591-4931-8029-88f5d41bea25",
    "name": "Strip Prefix",
    "description": "Strips prefix from a string",
    "icon": "https://s3-xmatters-static.s3.amazonaws.com/null/customers/b1d45caa-e9a4-4422-9702-5aece4f445a0/IMAGE__20210524101815851__scissors.png",
    "script": "log = msg =>console.log(msg); // easy log function\n\nif (!input.String){\n    log(`Strip prefix: blank input leads to blank output`)\n    output.trimmedString='';\n    return;\n}\nlet prefix = input.Prefix.toString();\nlet str = input.String.toString();\nlet out = str;\n\nlog(`Stripping ${prefix} from ${str}`);\n\nif (prefix) {\n    out = str.replace(prefix,'');\n    //log(`Prefix. Out is ${out}`);\n} \n\nif (input['Trim Whitespace'] && input['Trim Whitespace'].toLowerCase()=='true'){\n    out = out.trim();\n    //log(`Trim. Out is ${out}`);\n}\n\nlog(`Returning ${out}`);\noutput.trimmedString = out;\n",
    "allowedEnvironment": "HOSTED",
    "accessibleByAll": "NotShared",
    "stage": "DEPLOYED",
    "scriptStepType": "USER",
    "inputs": [
      {
        "id": "4d2a7f55-09ef-467c-b018-74a3575e8a22",
        "name": "String",
        "helpText": "",
        "defaultValue": "",
        "multiline": false,
        "required": false,
        "maxLength": 20000,
        "minLength": 0,
        "position": 0
      },
      {
        "id": "3b23ecb4-b29b-417f-9e48-9beeaa7970b2",
        "name": "Prefix",
        "helpText": "To be removed from left hand side of string.",
        "defaultValue": "",
        "multiline": false,
        "required": false,
        "maxLength": 2000,
        "minLength": 0,
        "position": 1
      },
      {
        "id": "d20c43e5-61e8-4251-b12d-8fcef3c7f6f4",
        "name": "Trim Whitespace",
        "helpText": "When true, whitespace is trimmed from either side of output string",
        "defaultValue": "true",
        "multiline": false,
        "required": false,
        "maxLength": 10,
        "minLength": 0,
        "position": 2
      }
    ],
    "outputs": [
      {
        "id": "205beeff-176a-48d3-8045-f0c0661e2638",
        "name": "trimmedString",
        "position": 0
      }
    ],
    "libraries": []
  },
  {
    "id": "ff28d0ea-67a5-4186-bd78-41056d342997",
    "name": "Encrypt",
    "description": "By Matt Schaer / Richard Selby",
    "icon": "https://s3-xmatters-static.s3.amazonaws.com/null/customers/b1d45caa-e9a4-4422-9702-5aece4f445a0/IMAGE__20220921204158937__safe.png",
    "script": "const log = (msg) => console.log(msg);\nconst title = 'Encrypt';\nlog(`${title} step started`);\n\nvar salt = input['Salt'];\nvar string = input['String'];\n\n\nconst encrypted_text = crypt(salt, string); // -> 426f666665\n\nlog(\"ENCRYPTED: \" + JSON.stringify(encrypted_text));\n\noutput.encrypted = encrypted_text;\n\n// decrypting\nlog(`${title} step finished\\n`);\n\n\nfunction crypt(salt, text){\n    const textToChars = (text) => text.split(\"\").map((c) => c.charCodeAt(0));\n    const byteHex = (n) => (\"0\" + Number(n).toString(16)).substr(-2);\n    const applySaltToChar = (code) => textToChars(salt).reduce((a, b) => a ^ b, code);\n  \n    return text\n      .split(\"\")\n      .map(textToChars)\n      .map(applySaltToChar)\n      .map(byteHex)\n      .join(\"\");\n}\n",
    "allowedEnvironment": "BOTH",
    "accessibleByAll": "NotShared",
    "stage": "DEPLOYED",
    "scriptStepType": "USER",
    "inputs": [
      {
        "id": "b15e59a9-aff7-40dd-899c-86c93c8a9e84",
        "name": "Salt",
        "helpText": "",
        "defaultValue": "",
        "multiline": false,
        "required": false,
        "validationRegex": "",
        "maxLength": 20000,
        "minLength": 0,
        "position": 0
      },
      {
        "id": "4d0b2779-0f9a-4667-bf64-7144b8f15e88",
        "name": "String",
        "helpText": "",
        "defaultValue": "",
        "multiline": false,
        "required": false,
        "validationRegex": "",
        "maxLength": 20000,
        "minLength": 0,
        "position": 1
      }
    ],
    "outputs": [
      {
        "id": "88fa255c-bbf4-49c7-9b2d-3f0cf6c902bc",
        "name": "encrypted",
        "position": 0
      }
    ],
    "libraries": []
  },
  {
    "id": "5b481130-e91f-4f93-9768-b8ae6d9de94f",
    "name": "Is Field Populated",
    "description": "Is the input populated? Outputs true of false. By Richard Selby, June 2021",
    "icon": "https://s3-xmatters-static.s3.amazonaws.com/null/customers/b1d45caa-e9a4-4422-9702-5aece4f445a0/IMAGE__20210601105854186__input_icon.png",
    "script": "const log = msg => console.log(msg);\nlet checkThis = input.checkThis;\nlet isPop = false;\n\nlog(`Is Field Populated. Checking ${checkThis} [type: ${typeof checkThis}]`);\n\nif (typeof checkThis =='undefined') {\n    log('Input is undefined');\n    isPop = false;\n}\n\nelse if (typeof checkThis=='number' && checkThis.toString()==='0') {\n    log('Numeric zero counts as populated')\n    isPop = true;\n}\nelse if (!checkThis){\n    log('Input is false');\n    isPop = false;\n}\n\nelse {\n    log(`It's true, so it's populated`);\n    isPop = true;\n}\n\nlog(`Is Field Populated: ${isPop?'yes':'nope'}`);\n\noutput.isPopulated = isPop;    \n",
    "allowedEnvironment": "HOSTED",
    "accessibleByAll": "NotShared",
    "stage": "DEPLOYED",
    "scriptStepType": "USER",
    "inputs": [
      {
        "id": "83b14aab-30fd-47ee-afd7-328dba755adc",
        "name": "checkThis",
        "defaultValue": "",
        "multiline": false,
        "required": false,
        "maxLength": 20000,
        "minLength": 0,
        "position": 0
      }
    ],
    "outputs": [
      {
        "id": "8f9a9869-bc68-4608-a558-86d3b5f96f87",
        "name": "isPopulated",
        "position": 0
      }
    ],
    "libraries": []
  },
  {
    "id": "38d4fe83-8908-43f1-b6ec-628b9d6440cb",
    "name": "Truncate",
    "description": "Utility to truncate a string to x chars. Features allow you to add an ellipses, and to avoid chopping mid-word. By Richard Selby, June 2021",
    "icon": "https://s3-xmatters-static.s3.amazonaws.com/null/customers/b1d45caa-e9a4-4422-9702-5aece4f445a0/IMAGE__20210528135128830__axe_icon.png",
    "script": "log = msg => console.log(msg);\n\nlet string = input['String'];\nconst origLen = string.length;\n\nlog(`\\n== Truncate step started with string starting:\\n${string.substring(0,100)}`);\n\nlet limit = input['Character Limit'];\n\nlet includeEllipses = false;\nif (input.includeEllipses && input.includeEllipses.toString().toLowerCase()=='true')\n    includeEllipses = true;\n\n\nlet cleanWordBreak = false\nif( input.cleanWordBreak && input.cleanWordBreak.toString().toLowerCase()=='true')\n    cleanWordBreak = true;\n    \n    \nlog(`\\nOriginalLength ${origLen}; limit ${limit}; includeEllipses ${includeEllipses} and cleanWordBreak ${cleanWordBreak}`);\n\nif (origLen<=limit) { // easy case\n    output.String = string;\n    output.isTruncated = false;\n    output['Chopped Char Count']= 0;\n    log(`Truncate step finished with no changes`);\n    return;    \n}\n\nlet outStr ='';\nlet chopCount = 0 ;\nlet maxLen = limit;\n\nif (includeEllipses && origLen>3)\n    maxLen = limit - 3; // leave room for ...\n\noutStr = string.substring(0, maxLen).trim();\n\n    \nif (cleanWordBreak) {    \n    \n    let matches = outStr.match(/(\\s+\\w*)$/);\n    if(matches){\n        let trimMe = matches[1];\n        outStr = outStr.replace(new RegExp(trimMe+'$'),'');\n    }\n}\n\nchopCount = origLen - outStr.length;    \n\nif (includeEllipses)\n    outStr += '...';\n\noutput.String = outStr;\noutput.isTruncated = true;\noutput['Chopped Char Count']= chopCount;\nlog(`Truncate step finished with ${outStr}`);\n",
    "allowedEnvironment": "HOSTED",
    "accessibleByAll": "NotShared",
    "stage": "DEPLOYED",
    "scriptStepType": "USER",
    "inputs": [
      {
        "id": "a94716c3-032c-469c-98e4-5049fb4981b5",
        "name": "String",
        "defaultValue": "",
        "multiline": false,
        "required": true,
        "maxLength": 20000,
        "minLength": 0,
        "position": 0
      },
      {
        "id": "ac486056-d732-4653-a1cc-cf36f5bc1d86",
        "name": "Character Limit",
        "helpText": "When to truncate",
        "defaultValue": "",
        "multiline": false,
        "required": true,
        "maxLength": 2000,
        "minLength": 0,
        "position": 1
      },
      {
        "id": "06ffbaa9-d034-4367-8c60-c27609528068",
        "name": "includeEllipses",
        "helpText": "If truncated, put an ellipses (...) at end",
        "defaultValue": "false",
        "multiline": false,
        "required": false,
        "maxLength": 5,
        "minLength": 0,
        "position": 2
      },
      {
        "id": "2dad6f57-60e2-4e20-89a8-685728fed3f0",
        "name": "cleanWordBreak",
        "helpText": "Don't truncate mid-word. Back-up to the last space character.",
        "defaultValue": "false",
        "multiline": false,
        "required": false,
        "maxLength": 5,
        "minLength": 0,
        "position": 3
      }
    ],
    "outputs": [
      {
        "id": "4899e175-e18a-459f-b289-6e0cf68582f1",
        "name": "String",
        "position": 0
      },
      {
        "id": "5a17376b-07b1-48f0-ae8c-980ede8cf859",
        "name": "isTruncated",
        "position": 1
      },
      {
        "id": "a7b1bc3f-f8e6-4f4a-b267-b0e4042700e9",
        "name": "Chopped Char Count",
        "position": 2
      }
    ],
    "libraries": []
  },
  {
    "id": "89209f74-5f33-473e-b6d1-3f0ba15d088b",
    "name": "Match Substring",
    "description": "Check for needle in haystack, i.e. substring match. Custom step by Richard Selby, xMatters Consulting, December 2021",
    "icon": "https://s3-xmatters-static.s3.amazonaws.com/null/customers/b1d45caa-e9a4-4422-9702-5aece4f445a0/IMAGE__20211203123647098__M.png",
    "script": "log = msg => console.log(msg);// quick log\nlet title = 'Match Substring';\n\n\nlet haystack = input.haystack.toString();\nlet needle = input.needle.toString();\nlet cs = false;\n\nif (input['case sensitive'].toString().match(/true/i))\n    cs = true;\n\nif (cs){\n  log(`${title} started in case-sensitive mode`);     \n} \nelse {\n    log(`${title} started. Not case-sensitive`);\n}\n\n\nlet match  = false;\n\nif (!cs){\n    haystack = haystack.toLowerCase();\n    needle = needle.toLowerCase();\n}\n\nlet pos = haystack.indexOf(needle);\nif (pos == -1){\n    match = false;\n    log(`Could not find \"${needle}\" in haystack`);\n}\nelse {\n    match = true;\n    log(`Found \"${needle}\" at index ${pos} of haystack`);\n}\n\noutput.match = match;\nlog(`${title} finished with ${match}`);",
    "allowedEnvironment": "BOTH",
    "accessibleByAll": "NotShared",
    "stage": "DEPLOYED",
    "scriptStepType": "USER",
    "inputs": [
      {
        "id": "57b6be7b-dfc7-4494-b709-06343d5e6187",
        "name": "haystack",
        "helpText": "",
        "defaultValue": "",
        "multiline": false,
        "required": true,
        "maxLength": 20000,
        "minLength": 0,
        "position": 0
      },
      {
        "id": "d4298667-9277-4996-a4bf-fdbc0daa5986",
        "name": "needle",
        "helpText": "",
        "defaultValue": "",
        "multiline": false,
        "required": true,
        "maxLength": 2000,
        "minLength": 0,
        "position": 1
      },
      {
        "id": "9dfed119-3a78-4d0c-bae3-007d14c90d79",
        "name": "case sensitive",
        "helpText": "Set to true to make case sensitive",
        "defaultValue": "false",
        "multiline": false,
        "required": true,
        "maxLength": 100,
        "minLength": 0,
        "position": 2
      }
    ],
    "outputs": [
      {
        "id": "6c110a37-f0b0-4c4c-bfe7-3d54a3711262",
        "name": "match",
        "description": "true or false",
        "position": 0
      }
    ],
    "libraries": []
  },
  {
    "id": "fc43f8c1-fe55-44d9-88c2-4068f8a4ea05",
    "name": "Sleep",
    "description": "Sleeps for a number of seconds. Remember, if running your flow in the xMatters cloud, any flow execution gets killed if it lasts more than 60 seconds. That restriction does not apply if running on an xMatters agent. Outputs the precise number of ms the step halted execution for, so you can verify the wait happened. Custom step by R Selby, xM Consulting",
    "icon": "https://s3-xmatters-static.s3.amazonaws.com/null/customers/b1d45caa-e9a4-4422-9702-5aece4f445a0/IMAGE__20210506085540250__sleep.png",
    "script": "var log = msg => console.log(msg);\n\nif (isNaN(input.seconds)) {\n    log(`Sleep duration non a number. Not sleeping`);\n    output.slept_for_ms = 0;\n    return;\n}\n\nlet seconds = parseFloat(input.seconds);\nlet ms = Math.abs(seconds * 1000);\n\nif (ms === 0){\n    log(`Sleep duration set at 0. Not sleeping`);\n    output.slept_for_ms = 0;\n    return;\n}\n\nif (seconds > 30) { \n    log(`Sleep duration set at a lengthy ${seconds} secs.\n    Warning - any step running in xM cloud for more than 60 seconds gets unceremoniously terminated`)\n    // It's fine on an xAgent though\n}\n\nlog(`Sleep step started. Sleeping for ${ms} milliseconds...`);\nlet start = new Date();\n\n//setTimeout( () => log('Nap over'), ms); // No setTimeout here\npause(ms);\n\nlet end = new Date();\nlet duration = end - start;\n\nlog(`Sleep step finished after ${duration} ms`);\noutput.slept_for_ms = duration;\n\n\n\nfunction pause(millis)\n{\n    var date = new Date();\n    var curDate = null;\n    do { curDate = new Date(); }\n    while(curDate-date < millis);\n}",
    "allowedEnvironment": "BOTH",
    "accessibleByAll": "NotShared",
    "stage": "DEPLOYED",
    "scriptStepType": "USER",
    "inputs": [
      {
        "id": "3a382a96-a527-4ab8-8987-69144ec64b75",
        "name": "seconds",
        "helpText": "Number of seconds to sleep for. Decimals are fine.",
        "defaultValue": "0.5",
        "multiline": false,
        "required": false,
        "maxLength": 32,
        "minLength": 0,
        "position": 0
      }
    ],
    "outputs": [
      {
        "id": "d58c3a4a-329b-435c-b8b2-0ab9dd89f385",
        "name": "slept_for_ms",
        "position": 0
      }
    ],
    "libraries": []
  },
  {
    "id": "e4c6be77-3a42-4d7d-91b8-0d05c0157710",
    "name": "Decrypt",
    "description": "By Matt Schaer / Richard Selby",
    "icon": "https://s3-xmatters-static.s3.amazonaws.com/null/customers/b1d45caa-e9a4-4422-9702-5aece4f445a0/IMAGE__20220921204158937__safe.png",
    "script": "const log = (msg) => console.log(msg);\nconst title = 'Decrypt';\nlog(`${title} step started`);\n\nvar salt = input['Salt'];\nvar string = input['String'];\n\n// decrypting\nconst decrypted_string = decrypt(salt, string); // -> Hello\n\nlog(\"DECRYPTED: \" + JSON.stringify(decrypted_string ));\n\noutput.clear = decrypted_string;\nlog(`${title} step finished\\n`);\n\n\n  \nfunction decrypt(salt, encoded) {\n    const textToChars = (text) => text.split(\"\").map((c) => c.charCodeAt(0));\n    const applySaltToChar = (code) => textToChars(salt).reduce((a, b) => a ^ b, code);\n    return encoded\n      .match(/.{1,2}/g)\n      .map((hex) => parseInt(hex, 16))\n      .map(applySaltToChar)\n      .map((charCode) => String.fromCharCode(charCode))\n      .join(\"\");\n}\n  ",
    "allowedEnvironment": "BOTH",
    "accessibleByAll": "NotShared",
    "stage": "DEPLOYED",
    "scriptStepType": "USER",
    "inputs": [
      {
        "id": "0a07441e-c1f7-4adf-958c-f5042a61d41f",
        "name": "Salt",
        "helpText": "",
        "defaultValue": "",
        "multiline": false,
        "required": false,
        "validationRegex": "",
        "maxLength": 20000,
        "minLength": 0,
        "position": 0
      },
      {
        "id": "85988cc1-0998-454c-bd76-d08c281b9e41",
        "name": "String",
        "helpText": "",
        "defaultValue": "",
        "multiline": false,
        "required": false,
        "validationRegex": "",
        "maxLength": 20000,
        "minLength": 0,
        "position": 1
      }
    ],
    "outputs": [
      {
        "id": "83bbc5e4-8ce5-4cfd-acf8-1a5fa826b182",
        "name": "clear",
        "position": 0
      }
    ],
    "libraries": []
  },
  {
    "id": "b79b8971-2650-4406-baf7-0712945b435d",
    "name": "Banana Split",
    "description": "Splits a string into two based on a separator token. Takes everything to left of first separator as first output, then the remainder as second output",
    "icon": "https://s3-xmatters-static.s3.amazonaws.com/null/customers/b1d45caa-e9a4-4422-9702-5aece4f445a0/IMAGE__20221004171933878__banana.png",
    "script": "let title = 'Banana Split step';\nconsole.log(title+' started');\n\nlet str = input.theStringToSplit;\nlet sep = input.separator;\n\nif (!input.separator){\n    console.log(`Empty separator`);\n    output.firstPart = str;\n    output.secondPart = '';\n   \n}\nelse {\n    console.log(`Splitting ${str} with separator ${sep}`);\n    \n    let parts = [];\n    parts = str.split(sep);\n    \n    let first =''; \n    let second = '';\n    \n    console.log(`Strings split into ${parts.length} parts`);\n    \n    if (parts.length===1) { // Separator not found\n        first = str;\n        second = '';\n    }\n    else if (parts.length == 2) {\n        first = parts[0];\n        second = parts[1];\n    }\n    else if (parts.length > 2) {\n        first = parts[0]\n        let remainder = parts.shift();\n        second = parts.join(sep);\n    }\n    \n    output.firstPart = first.toString().trim();\n    output.secondPart = second.toString().trim();\n    \n    console.log(`firstPart is ${first}\\nsecondPart is ${second}`);\n}\nconsole.log(title+' finished');\n",
    "allowedEnvironment": "BOTH",
    "accessibleByAll": "NotShared",
    "stage": "DEPLOYED",
    "scriptStepType": "USER",
    "inputs": [
      {
        "id": "677d017c-2b22-454a-a036-dddbeaec0a13",
        "name": "separator",
        "helpText": "singel character or multiple chars to split on",
        "defaultValue": "",
        "multiline": false,
        "required": false,
        "maxLength": 100,
        "minLength": 0,
        "position": 0
      },
      {
        "id": "8d5960d5-8f5a-4de2-8ad2-be2753d76031",
        "name": "theStringToSplit",
        "helpText": "",
        "defaultValue": "",
        "multiline": false,
        "required": false,
        "maxLength": 20000,
        "minLength": 0,
        "position": 1
      }
    ],
    "outputs": [
      {
        "id": "1f82a210-ba67-410b-b758-453dff449bac",
        "name": "firstPart",
        "position": 0
      },
      {
        "id": "78b8fb84-6d6e-4e65-81ff-6c6f09bbf4a8",
        "name": "secondPart",
        "position": 1
      }
    ],
    "libraries": []
  },
  {
    "id": "22b5b901-8074-4cda-8c0c-a3b90a383dd6",
    "name": "Reverse",
    "description": "Reverses a string.",
    "icon": "https://s3-xmatters-static.s3.amazonaws.com/null/customers/b1d45caa-e9a4-4422-9702-5aece4f445a0/IMAGE__20221004082913875__u_turn_sign_png_2.png",
    "script": "console.log('Reverse step started: '+input.text);\n\noutput.backwardsText  = sdrawkcab(input.text);\n\nconsole.log('Reverse custom step completed: '+output.backwardsText );\n\nfunction sdrawkcab(text) {\n    console.log('sdrawkcab');\n    \n    let newString = \"\";\n    for (let i = text.length - 1; i >= 0; i--) {\n        newString += text[i];\n    }\n    return newString;\n}\n\n",
    "allowedEnvironment": "HOSTED",
    "accessibleByAll": "NotShared",
    "stage": "DEPLOYED",
    "scriptStepType": "USER",
    "inputs": [
      {
        "id": "d6d25366-a53b-4f40-a69a-f06b2fac3dd9",
        "name": "text",
        "helpText": "Just a string",
        "defaultValue": "",
        "multiline": false,
        "required": false,
        "validationRegex": "",
        "maxLength": 2000,
        "minLength": 0,
        "position": 0
      }
    ],
    "outputs": [
      {
        "id": "0eabf52e-e77c-4e26-87e4-07af6f7bf644",
        "name": "backwardsText",
        "description": "",
        "position": 0
      }
    ],
    "libraries": []
  }
]