[
  {
    "baseType": 0,
    "name": "Case Sensitive",
    "defaultValue": "true",
    "description": "",
    "helpText": "",
    "isSystem": false,
    "uuid": "b8c7cc2a-b789-452c-95af-6503c5547f42"
  },
  {
    "baseType": 1,
    "name": "Character Limit",
    "defaultValue": "350",
    "description": "",
    "helpText": "",
    "isSystem": false,
    "minValue": "",
    "maxValue": "",
    "units": "",
    "uuid": "37c25779-2b02-412e-8a72-67154056fa47"
  },
  {
    "baseType": 0,
    "name": "Clean Word Break?",
    "defaultValue": "true",
    "description": "",
    "helpText": "",
    "isSystem": false,
    "uuid": "ab9cc261-e89a-47d5-a466-811d5801a237"
  },
  {
    "baseType": 1,
    "name": "Duration",
    "defaultValue": "3",
    "description": "",
    "helpText": "",
    "isSystem": false,
    "minValue": "0",
    "maxValue": "",
    "units": "seconds",
    "uuid": "99607b5c-8cc2-41d5-bcd0-b58070323055"
  },
  {
    "baseType": 3,
    "name": "Error Output",
    "defaultValue": "",
    "description": "",
    "helpText": "",
    "isSystem": false,
    "minLength": 0,
    "maxLength": 1000,
    "validationRegex": "",
    "isValidate": false,
    "uuid": "b44035af-1ada-40ee-8fec-fec2479a9137"
  },
  {
    "baseType": 3,
    "name": "Glue",
    "defaultValue": "-",
    "description": "",
    "helpText": "",
    "isSystem": false,
    "minLength": 0,
    "maxLength": 30,
    "validationRegex": "",
    "isValidate": false,
    "uuid": "03c65836-2965-4b5c-8937-d518a8cec403"
  },
  {
    "baseType": 3,
    "name": "Haystack",
    "defaultValue": "We wish you a merry Christmas",
    "description": "",
    "helpText": "",
    "isSystem": false,
    "minLength": 0,
    "maxLength": 20000,
    "validationRegex": "",
    "isValidate": false,
    "uuid": "453752ae-6ea9-4494-8ce7-bc5a23a3b227"
  },
  {
    "baseType": 0,
    "name": "Include Ellipses?",
    "defaultValue": "true",
    "description": "",
    "helpText": "",
    "isSystem": false,
    "uuid": "c7fa33ed-ad2c-46fb-a3d4-d39be259ca1a"
  },
  {
    "baseType": 3,
    "name": "Needle",
    "defaultValue": "merry",
    "description": "",
    "helpText": "",
    "isSystem": false,
    "minLength": 0,
    "maxLength": 100,
    "validationRegex": "",
    "isValidate": false,
    "uuid": "379b2073-e929-4ad3-a2bd-19596ee5c4ee"
  },
  {
    "baseType": 0,
    "name": "Note0",
    "defaultValue": "true",
    "description": "",
    "helpText": "Notes like this are here to provide form annotation. The NoteX checkbox value is ignored, whether ticked or not.",
    "isSystem": false,
    "uuid": "5055d07c-aac8-4874-9262-fe836435eb3d"
  },
  {
    "baseType": 0,
    "name": "Note1",
    "defaultValue": "true",
    "description": "",
    "helpText": "Use this Flow Step to see if a short string (Needle) is contained in a longer string (Haystack).<br> Case-sensitivity is controlled via Case Sensitive checkbox. Returns true or false.",
    "isSystem": false,
    "uuid": "60cbd4f5-0827-447b-b7f1-edd772c15a27"
  },
  {
    "baseType": 0,
    "name": "Note2",
    "defaultValue": "true",
    "description": "",
    "helpText": "Choose the Flow Step to pause the flow for a few seconds. <br>Be aware, if any individual flow lasts longer than 60 seconds, xMatters flow designer controller will cancel the job.<br>Time limit does not apply if step is running on an xMatters Agent.",
    "isSystem": false,
    "uuid": "7c8ab12e-6e02-4936-bbf8-e1c4f1aac2a9"
  },
  {
    "baseType": 0,
    "name": "Note3",
    "defaultValue": "true",
    "description": "",
    "helpText": "The Reverse step reverses a string. Simple as that.",
    "isSystem": false,
    "uuid": "2cd9f62d-cb2b-482b-89e9-771f5c0bf784"
  },
  {
    "baseType": 0,
    "name": "Note4",
    "defaultValue": "true",
    "description": "",
    "helpText": "Choose this Flow Step to join up to four smaller strings together with an optional glue character",
    "isSystem": false,
    "uuid": "2a28b4bd-4566-4ae8-acdf-d4dd459164cb"
  },
  {
    "baseType": 0,
    "name": "Note5",
    "defaultValue": "true",
    "description": "",
    "helpText": "The Split custom Flow Step splits a string into exactly two parts using one or more separator characters. ",
    "isSystem": false,
    "uuid": "3dcb9dde-64b8-4374-9514-11a4713bf4f9"
  },
  {
    "baseType": 0,
    "name": "Note6",
    "defaultValue": "true",
    "description": "",
    "helpText": "The Is Field Populated custom Flow Step takes a field as an input and returns true if it has a value.<br>Each of the field types below are tested in adjacent copies of the step.",
    "isSystem": false,
    "uuid": "44cf9f8d-f797-44d9-ac4c-1945a77608da"
  },
  {
    "baseType": 0,
    "name": "Note7",
    "defaultValue": "true",
    "description": "",
    "helpText": "This step removes a prefix from a string.",
    "isSystem": false,
    "uuid": "908e0f81-c641-485d-a948-0d295c756b1a"
  },
  {
    "baseType": 0,
    "name": "Note8",
    "defaultValue": "true",
    "description": "",
    "helpText": "The Truncate custom Flow Step chops a string down to size. Options allow you to specify a clean-word break and whether to include an elipses (...) at the end to indicate the text was truncated. This stops the output looking messy when passing to work notes etc.",
    "isSystem": false,
    "uuid": "aa4793f9-bf50-4ddb-ad61-9c9dfe6443ec"
  },
  {
    "baseType": 0,
    "name": "Note9",
    "defaultValue": "true",
    "description": "",
    "helpText": "There are two custom Flow Steps here. The first step lets you Encrypt a string using a Salt value. The second step lets you Decrypt provided the same Salt is used. In this demo flow, the output of Encrypt is passed to Decrypt although you can alter the 'salt' if you wish to 'break' it. <br>\nN.B. This is by no means strong encryption. It's use is more for obfuscation.",
    "isSystem": false,
    "uuid": "18af2939-ca6e-4a71-9783-9e6987458c78"
  },
  {
    "baseType": 3,
    "name": "Parent Alert ID",
    "defaultValue": "",
    "description": "",
    "helpText": "",
    "isSystem": false,
    "minLength": 0,
    "maxLength": 30,
    "validationRegex": "",
    "isValidate": false,
    "uuid": "6033f0c1-3aa1-4635-890b-3df0b107425c"
  },
  {
    "baseType": 0,
    "name": "PopTest Checkbox",
    "defaultValue": "true",
    "description": "",
    "helpText": "",
    "isSystem": false,
    "uuid": "1ace8846-9d05-4f8e-a690-9e3c413448e7"
  },
  {
    "baseType": 21,
    "name": "PopTest Dropdown",
    "description": "",
    "helpText": "",
    "isSystem": false,
    "values": [
      {
        "value": "Sure is!",
        "isDefault": false,
        "isVisible": true
      }
    ],
    "uuid": "6788f8c4-033d-444d-80dd-1076076a7166"
  },
  {
    "baseType": 22,
    "name": "PopTest List",
    "description": "",
    "helpText": "",
    "isSystem": false,
    "values": [
      {
        "value": "Rock",
        "isDefault": false,
        "isVisible": true
      },
      {
        "value": "Paper",
        "isDefault": false,
        "isVisible": true
      },
      {
        "value": "Scissors",
        "isDefault": false,
        "isVisible": true
      }
    ],
    "uuid": "f11f2cb8-bc41-44e7-85e4-cd1b6130c2cc"
  },
  {
    "baseType": 1,
    "name": "PopTest Number",
    "description": "",
    "helpText": "",
    "isSystem": false,
    "minValue": "",
    "maxValue": "",
    "units": "",
    "uuid": "ce359699-eabb-4ba8-abff-cae8fff51636"
  },
  {
    "baseType": 3,
    "name": "PopTest Text",
    "defaultValue": "",
    "description": "",
    "helpText": "",
    "isSystem": false,
    "minLength": 0,
    "maxLength": 30,
    "validationRegex": "",
    "isValidate": false,
    "uuid": "36757101-2898-4a39-a233-327a4e74b173"
  },
  {
    "baseType": 3,
    "name": "Prefix",
    "defaultValue": "INC",
    "description": "",
    "helpText": "",
    "isSystem": false,
    "minLength": 0,
    "maxLength": 30,
    "validationRegex": "",
    "isValidate": false,
    "uuid": "1bc42fb3-ba8a-4c03-baf1-0891f9f609b7"
  },
  {
    "baseType": 3,
    "name": "Salt decrypt",
    "defaultValue": "Sodium Chloride",
    "description": "",
    "helpText": "",
    "isSystem": false,
    "minLength": 0,
    "maxLength": 200,
    "validationRegex": "",
    "isValidate": false,
    "uuid": "9cbfb8ba-bd25-4cdf-aa5d-95794fe8a90c"
  },
  {
    "baseType": 3,
    "name": "Salt encrypt",
    "defaultValue": "Sodium Chloride",
    "description": "",
    "helpText": "",
    "isSystem": false,
    "minLength": 0,
    "maxLength": 200,
    "validationRegex": "",
    "isValidate": false,
    "uuid": "1b89cd7c-8d77-46c3-acb7-1a4341125fc6"
  },
  {
    "baseType": 3,
    "name": "Script Output",
    "defaultValue": "",
    "description": "",
    "helpText": "",
    "isSystem": false,
    "minLength": 0,
    "maxLength": 20000,
    "validationRegex": "",
    "isValidate": false,
    "uuid": "018db870-4ed7-496a-b6e2-80e4fd8c3f8d"
  },
  {
    "baseType": 3,
    "name": "Separator",
    "defaultValue": ":",
    "description": "",
    "helpText": "",
    "isSystem": false,
    "minLength": 0,
    "maxLength": 30,
    "validationRegex": "",
    "isValidate": false,
    "uuid": "ec747d72-a979-45ec-a4c7-0ff62504d483"
  },
  {
    "baseType": 21,
    "name": "Step To Run",
    "description": "",
    "helpText": "",
    "isSystem": false,
    "values": [
      {
        "value": "Match Substring",
        "isDefault": true,
        "isVisible": true
      },
      {
        "value": "Sleep",
        "isDefault": false,
        "isVisible": true
      },
      {
        "value": "Reverse",
        "isDefault": false,
        "isVisible": true
      },
      {
        "value": "Concat",
        "isDefault": false,
        "isVisible": true
      },
      {
        "value": "Split",
        "isDefault": false,
        "isVisible": true
      },
      {
        "value": "Is Field Populated",
        "isDefault": false,
        "isVisible": true
      },
      {
        "value": "Strip Prefix",
        "isDefault": false,
        "isVisible": true
      },
      {
        "value": "Truncate",
        "isDefault": false,
        "isVisible": true
      },
      {
        "value": "Encrypt-Decrypt",
        "isDefault": false,
        "isVisible": true
      }
    ],
    "uuid": "d8b7c6fa-a6db-4e3a-846c-99c53096a42e"
  },
  {
    "baseType": 3,
    "name": "Str1",
    "defaultValue": "She",
    "description": "",
    "helpText": "",
    "isSystem": false,
    "minLength": 0,
    "maxLength": 1000,
    "validationRegex": "",
    "isValidate": false,
    "uuid": "641a63b6-1f69-4877-bf4b-007a614b373f"
  },
  {
    "baseType": 3,
    "name": "Str2",
    "defaultValue": "sells",
    "description": "",
    "helpText": "",
    "isSystem": false,
    "minLength": 0,
    "maxLength": 1000,
    "validationRegex": "",
    "isValidate": false,
    "uuid": "5476b223-4c0f-4559-aec4-6bdcadfe2095"
  },
  {
    "baseType": 3,
    "name": "Str3",
    "defaultValue": "sea",
    "description": "",
    "helpText": "",
    "isSystem": false,
    "minLength": 0,
    "maxLength": 1000,
    "validationRegex": "",
    "isValidate": false,
    "uuid": "d53c5fd1-ca1f-4801-b507-71876855aed1"
  },
  {
    "baseType": 3,
    "name": "Str4",
    "defaultValue": "shells",
    "description": "",
    "helpText": "",
    "isSystem": false,
    "minLength": 0,
    "maxLength": 1000,
    "validationRegex": "",
    "isValidate": false,
    "uuid": "266eae07-f548-42a1-a27d-e57328c3ccac"
  },
  {
    "baseType": 3,
    "name": "String to Encrypt",
    "defaultValue": "TopSecret_123?Aaargh!",
    "description": "",
    "helpText": "",
    "isSystem": false,
    "minLength": 0,
    "maxLength": 10000,
    "validationRegex": "",
    "isValidate": false,
    "uuid": "48280655-04aa-4516-863e-90686ffa378d"
  },
  {
    "baseType": 3,
    "name": "stringToReverse",
    "defaultValue": "?say nac ohw ,backwards ro forwardS",
    "description": "",
    "helpText": "",
    "isSystem": false,
    "minLength": 0,
    "maxLength": 1000,
    "validationRegex": "",
    "isValidate": false,
    "uuid": "2d4f87d0-a5e2-420f-a4a6-c05d960a78b3"
  },
  {
    "baseType": 3,
    "name": "String to Split",
    "defaultValue": "thisKey:thatValue",
    "description": "",
    "helpText": "",
    "isSystem": false,
    "minLength": 0,
    "maxLength": 20000,
    "validationRegex": "",
    "isValidate": false,
    "uuid": "7ee6de2e-df6a-41a6-92cf-bd511add9264"
  },
  {
    "baseType": 3,
    "name": "String to Trim",
    "defaultValue": "INC0088318",
    "description": "",
    "helpText": "",
    "isSystem": false,
    "minLength": 0,
    "maxLength": 1000,
    "validationRegex": "",
    "isValidate": false,
    "uuid": "4ba93792-e89b-4979-af72-0cca9ed12cd5"
  },
  {
    "baseType": 3,
    "name": "String to Truncate",
    "defaultValue": "When we fully understand the brevity of life, its fleeting joys and unavoidable pains; when we accept the facts that all men and women are approaching an inevitable doom: the consciousness of it should make us more kindly and considerate of each other. This feeling should make men and women use their best efforts to help their fellow travelers on the road, to make the path brighter and easier as we journey on. It should bring a closer kinship, a better understanding, and a deeper sympathy for the wayfarers who must live a common life and die a common death.",
    "description": "",
    "helpText": "",
    "isSystem": false,
    "minLength": 0,
    "maxLength": 20000,
    "validationRegex": "",
    "isValidate": false,
    "uuid": "ec5cc8b3-4f58-4dfd-a7fd-12d28890ac1b"
  }
]